[
    {
        "name": "vkcom/vk-php-sdk",
        "version": "5.95.5",
        "version_normalized": "5.95.5.0",
        "source": {
            "type": "git",
            "url": "https://github.com/VKCOM/vk-php-sdk.git",
            "reference": "cfd344d03e91a5e9a88031ef05638fe61dd16a1b"
        },
        "dist": {
            "type": "zip",
            "url": "https://api.github.com/repos/VKCOM/vk-php-sdk/zipball/cfd344d03e91a5e9a88031ef05638fe61dd16a1b",
            "reference": "cfd344d03e91a5e9a88031ef05638fe61dd16a1b",
            "shasum": ""
        },
        "require": {
            "php": ">=7.1"
        },
        "require-dev": {
            "phpunit/phpunit": "^6",
            "vkcom/vk-api-schema": "^5.80.1"
        },
        "time": "2019-05-15 07:18:02",
        "type": "library",
        "installation-source": "dist",
        "autoload": {
            "psr-4": {
                "VK\\": "src/VK"
            }
        },
        "notification-url": "https://packagist.org/downloads/",
        "license": [
            "MIT"
        ],
        "description": "VK PHP SDK",
        "homepage": "https://github.com/VKCOM/vk-php-sdk",
        "keywords": [
            "sdk",
            "vk"
        ]
    }
]
